query,rank,neighbor,score,score_norm,jaccard
AirTravel,1,Boeing,81.2698,0.2607,0.2
AirTravel,2,Kinepolis,56.6216,0.1817,0.0455
AirTravel,3,TruckLogistics,52.569,0.1687,0.0
AlphaInsurance,1,InsuranceCompany,139.575,0.3065,0.1333
AlphaInsurance,2,SellingGoods,85.5576,0.1879,0.125
AlphaInsurance,3,Boeing,81.6566,0.1793,0.0667
BankAccount,1,Facepage,44.0399,0.3113,0.0714
BankAccount,2,PizzaDeliveryWithEntertainment,38.714,0.2736,0.0714
BankAccount,3,HelpingHands,34.8629,0.2464,0.0
Boeing,1,AirTravel,69.883,0.2768,0.2
Boeing,2,AlphaInsurance,59.4719,0.2356,0.0667
Boeing,3,InsuranceCompany,41.454,0.1642,0.0833
BuildingManagement,1,Facepage,102.4457,0.2937,0.0526
BuildingManagement,2,Musicmatic,88.7332,0.2544,0.0526
BuildingManagement,3,PizzaDeliveryWithEntertainment,70.6065,0.2024,0.0526
BusTransportationManagementSystem,1,Menso,185.2786,0.3071,0.0
BusTransportationManagementSystem,2,HelpingHands,158.6355,0.2629,0.0588
BusTransportationManagementSystem,3,TransportCompany,127.7218,0.2117,0.0588
CardGameApp,1,TeamSportsScoutingSystem,72.8751,0.2894,0.037
CardGameApp,2,TileOGame,69.0354,0.2742,0.1071
CardGameApp,3,DestroyBlockGame,45.3063,0.1799,0.08
CelO,1,ResearchCenter,117.7589,0.1887,0.0
CelO,2,AlphaInsurance,97.3814,0.156,0.0
CelO,3,SellingGoods,93.1546,0.1492,0.0
ClothingCompany,1,SellingGoods,94.3802,0.3043,0.25
ClothingCompany,2,GasStation_KUL,55.7945,0.1799,0.0
ClothingCompany,3,TransportCompany,52.0412,0.1678,0.1176
DestroyBlockGame,1,TileOGame,456.1171,0.5116,0.0667
DestroyBlockGame,2,CardGameApp,259.8876,0.2915,0.08
DestroyBlockGame,3,GameArea,224.0389,0.2513,0.0
Ebike,1,SmartHomeAutomationSystem,54.0271,0.3478,0.0
Ebike,2,ElevatorControl,37.4711,0.2412,0.0
Ebike,3,Sober,20.5657,0.1324,0.0
eHome2020,1,SmartHomeAutomationSystem,243.2847,0.4402,0.069
eHome2020,2,BuildingManagement,77.9056,0.141,0.0
eHome2020,3,GameArea,67.1304,0.1215,0.0
EUScienceConnect,1,University,102.693,0.2213,0.0
EUScienceConnect,2,MilanLibrary,80.9868,0.1745,0.1304
EUScienceConnect,3,HelpingHands,76.1753,0.1641,0.0526
Facepage,1,Musicmatic,139.9871,0.3104,0.0588
Facepage,2,PizzaDeliveryWithEntertainment,132.9482,0.2948,0.0588
Facepage,3,BuildingManagement,121.8358,0.2702,0.0526
FilmSet,1,MilanLibrary,133.3144,0.4095,0.1111
FilmSet,2,TransportCompany,55.3743,0.1701,0.0435
FilmSet,3,University,47.2804,0.1452,0.05
FitnessCompanyConan,1,OnlineTutoringSystem,134.0443,0.3455,0.0
FitnessCompanyConan,2,Musicmatic,65.8979,0.1698,0.0
FitnessCompanyConan,3,School,60.1422,0.155,0.1333
GameArea,1,DestroyBlockGame,85.7472,0.3619,0.0
GameArea,2,TileOGame,78.1529,0.3299,0.0
GameArea,3,CardGameApp,63.6041,0.2685,0.0
GasStation_KUL,1,GasStation_TUW,181.2069,0.3281,0.0909
GasStation_KUL,2,Menso,160.7086,0.291,0.125
GasStation_KUL,3,HomeForTheElderly,116.7233,0.2113,0.1333
GasStation_TUW,1,GasStation_KUL,163.8827,0.4704,0.0909
GasStation_TUW,2,Musicmatic,50.7097,0.1456,0.0
GasStation_TUW,3,PizzaDeliveryWithEntertainment,34.6138,0.0994,0.0
HelpingHands,1,TransportCompany,114.8451,0.1922,0.0435
HelpingHands,2,BusTransportationManagementSystem,103.6682,0.1735,0.0588
HelpingHands,3,EUScienceConnect,102.3373,0.1712,0.0526
HomeForTheElderly,1,Menso,155.9542,0.1979,0.1053
HomeForTheElderly,2,GasStation_KUL,144.3434,0.1832,0.1333
HomeForTheElderly,3,AlphaInsurance,138.6802,0.176,0.0526
HospitalHouseMD,1,TreatmentPlans,267.0993,0.4455,0.25
HospitalHouseMD,2,LabTracker,105.5727,0.1761,0.1053
HospitalHouseMD,3,Hospital,80.8142,0.1348,0.0476
HotelBookingManagementSystem,1,Menso,124.9457,0.1982,0.0
HotelBookingManagementSystem,2,OnlineTutoringSystem,114.3108,0.1813,0.0
HotelBookingManagementSystem,3,MilanLibrary,109.2825,0.1734,0.0
House,1,RealEstateAgency,31.6916,0.2892,0.0625
House,2,ClothingCompany,26.0663,0.2379,0.0
House,3,BuildingManagement,25.6737,0.2343,0.0
Kinepolis,1,AirTravel,95.1491,0.2689,0.0455
Kinepolis,2,Restaurant,86.072,0.2433,0.0625
Kinepolis,3,Menso,76.6466,0.2166,0.0476
LabTracker,1,TreatmentPlans,252.5803,0.3916,0.0741
LabTracker,2,Menso,126.0409,0.1954,0.0
LabTracker,3,HospitalHouseMD,115.7885,0.1795,0.1053
Louvre,1,HelpingHands,54.9453,0.2356,0.0556
Louvre,2,MilanLibrary,52.7594,0.2262,0.0417
Louvre,3,TileOGame,43.2023,0.1853,0.0
Menso,1,SellingGoods,138.1798,0.2979,0.1875
Menso,2,Kinepolis,129.6046,0.2794,0.0476
Menso,3,GasStation_KUL,125.744,0.2711,0.125
Musicmatic,1,Facepage,110.4243,0.2998,0.0588
Musicmatic,2,PizzaDeliveryWithEntertainment,107.252,0.2911,0.0588
Musicmatic,3,MilanLibrary,90.8595,0.2466,0.08
OnlineTutoringSystem,1,FitnessCompanyConan,134.1347,0.391,0.0
OnlineTutoringSystem,2,School,76.9215,0.2242,0.0435
OnlineTutoringSystem,3,HotelBookingManagementSystem,67.8602,0.1978,0.0
PizzaDeliveryWithEntertainment,1,EatAtHome,186.7979,0.3365,0.1667
PizzaDeliveryWithEntertainment,2,SellingGoods,145.9418,0.2629,0.1333
PizzaDeliveryWithEntertainment,3,Restaurant,119.1112,0.2146,0.0714
ProjectManagement,1,ResearchCenter,126.5832,0.4852,0.1538
ProjectManagement,2,University,81.0035,0.3105,0.0625
ProjectManagement,3,EUScienceConnect,73.5899,0.2821,0.0
School,1,CourseManagement,72.4171,0.2743,0.1875
School,2,OnlineTutoringSystem,68.5461,0.2596,0.0435
School,3,Musicmatic,46.4381,0.1759,0.0
SellingGoods,1,ClothingCompany,191.1448,0.3599,0.25
SellingGoods,2,EatAtHome,181.2485,0.3413,0.1818
SellingGoods,3,PizzaDeliveryWithEntertainment,174.9524,0.3294,0.1333
Sightseeing,1,Facepage,22.1256,0.2124,0.0
Sightseeing,2,University,21.1509,0.2031,0.0
Sightseeing,3,CourseManagement,19.5027,0.1872,0.0
SmartHomeAutomationSystem,1,eHome2020,169.3286,0.3536,0.069
SmartHomeAutomationSystem,2,Ebike,79.9093,0.1669,0.0
SmartHomeAutomationSystem,3,ElevatorControl,57.6628,0.1204,0.0
Sober,1,TruckLogistics,96.1333,0.2522,0.0
Sober,2,HelpingHands,88.8125,0.233,0.0
Sober,3,Gym,87.172,0.2287,0.0526
StudentAppointment,1,University,62.9631,0.3034,0.0714
StudentAppointment,2,UniversityExams,61.465,0.2962,0.1818
StudentAppointment,3,LabTracker,44.9898,0.2168,0.05
TeamSportsScoutingSystem,1,TileOGame,114.982,0.3215,0.0312
TeamSportsScoutingSystem,2,CardGameApp,114.8584,0.3212,0.037
TeamSportsScoutingSystem,3,DestroyBlockGame,110.8689,0.31,0.0357
TileOGame,1,DestroyBlockGame,278.2366,0.5279,0.0667
TileOGame,2,CardGameApp,186.5837,0.354,0.1071
TileOGame,3,GameArea,146.7268,0.2784,0.0
TransportCompany,1,RepairShops,145.149,0.3734,0.25
TransportCompany,2,TruckLogistics,139.0191,0.3576,0.1111
TransportCompany,3,HelpingHands,115.0248,0.2959,0.0435
TreatmentPlans,1,HospitalHouseMD,177.6644,0.4193,0.25
TreatmentPlans,2,LabTracker,136.3232,0.3217,0.0741
TreatmentPlans,3,Hospital,97.7098,0.2306,0.0714
TruckLogistics,1,TransportCompany,119.4736,0.564,0.1111
TruckLogistics,2,HelpingHands,70.6032,0.3333,0.0526
TruckLogistics,3,RepairShops,58.1127,0.2743,0.0667
University,1,UniversityExams,61.1857,0.3162,0.1429
University,2,EUScienceConnect,56.8821,0.2939,0.0
University,3,TransportCompany,48.0486,0.2483,0.05
ApartmentBuilding,1,RealEstateAgency,20.2873,0.4264,0.125
ApartmentBuilding,2,eHome2020,19.4996,0.4098,0.1818
ApartmentBuilding,3,ElevatorControl,9.0227,0.1896,0.0
Bookmaker,1,HomeForTheElderly,21.0276,0.2503,0.0588
Bookmaker,2,University,15.6877,0.1867,0.0
Bookmaker,3,OilWells,15.464,0.184,0.0
CourseManagement,1,School,61.2499,0.3352,0.1875
CourseManagement,2,UniversityExams,35.7027,0.1954,0.1333
CourseManagement,3,University,34.3154,0.1878,0.0556
EatAtHome,1,PizzaDeliveryWithEntertainment,107.6749,0.3117,0.1667
EatAtHome,2,SellingGoods,97.9472,0.2836,0.1818
EatAtHome,3,Restaurant,86.0509,0.2491,0.2222
ElevatorControl,1,ApartmentBuilding,34.2935,0.2289,0.0
ElevatorControl,2,Louvre,30.5312,0.2038,0.0
ElevatorControl,3,SmartHomeAutomationSystem,29.4498,0.1966,0.0
Gym,1,Sober,49.7245,0.1776,0.0526
Gym,2,Menso,44.9539,0.1606,0.0476
Gym,3,RepairShops,42.2289,0.1508,0.0
Hospital,1,TreatmentPlans,39.6646,0.3407,0.0714
Hospital,2,HospitalHouseMD,27.048,0.2324,0.0476
Hospital,3,Gym,25.8144,0.2218,0.0
InsuranceCompany,1,AlphaInsurance,39.7131,0.7065,0.1333
InsuranceCompany,2,Boeing,13.0264,0.2318,0.0833
InsuranceCompany,3,Sober,9.1144,0.1622,0.0667
MilanLibrary,1,Louvre,56.6442,0.2235,0.0417
MilanLibrary,2,FilmSet,53.0794,0.2094,0.1111
MilanLibrary,3,Musicmatic,45.071,0.1778,0.08
OilWells,1,RepairShops,72.7774,0.2557,0.0
OilWells,2,ClothingCompany,57.1916,0.2009,0.0
OilWells,3,Restaurant,46.4101,0.163,0.0
RealEstateAgency,1,HotelBookingManagementSystem,37.7976,0.1766,0.0
RealEstateAgency,2,BuildingManagement,37.5497,0.1754,0.0
RealEstateAgency,3,eHome2020,33.4364,0.1562,0.0769
RepairShops,1,TransportCompany,202.2242,0.46,0.25
RepairShops,2,BusTransportationManagementSystem,128.9903,0.2934,0.0
RepairShops,3,OilWells,104.29,0.2372,0.0
ResearchCenter,1,ProjectManagement,108.5876,0.5191,0.1538
ResearchCenter,2,TeamSportsScoutingSystem,60.5106,0.2893,0.0
ResearchCenter,3,University,49.5431,0.2369,0.0667
Restaurant,1,EatAtHome,47.6331,0.2852,0.2222
Restaurant,2,PizzaDeliveryWithEntertainment,41.2133,0.2467,0.0714
Restaurant,3,RepairShops,35.8082,0.2144,0.0
UniversityExams,1,University,63.7344,0.3463,0.1429
UniversityExams,2,CourseManagement,41.7791,0.227,0.1333
UniversityExams,3,StudentAppointment,39.5701,0.215,0.1818
