stopwords,stem,k1,b,j1,j3,spearman_rho,spearman_p,d_j1_vs_default,se_d_j1,d_j3_vs_default,se_d_j3,significativo_2se
True,True,0.9,0.5,0.089,0.066,0.425,0.0008,-0.0071,0.0045,-0.0011,0.0011,False
True,True,0.9,0.75,0.0978,0.0662,0.4109,0.0012,0.0016,0.0011,-0.0009,0.0006,False
True,True,0.9,0.9,0.0962,0.0656,0.4212,0.0009,0.0001,0.0001,-0.0015,0.0007,True
True,True,1.2,0.5,0.0928,0.0663,0.4358,0.0006,-0.0033,0.0036,-0.0009,0.0011,False
True,True,1.2,0.75,0.0962,0.0663,0.4285,0.0007,0.0001,0.0001,-0.0008,0.0005,False
True,True,1.2,0.9,0.0962,0.0659,0.435,0.0006,0.0001,0.0001,-0.0012,0.0007,False
True,True,1.5,0.5,0.0922,0.0667,0.4373,0.0005,-0.0039,0.0036,-0.0004,0.001,False
True,True,1.5,0.75,0.0961,0.0671,0.4338,0.0006,0.0,0.0,0.0,0.0,False
True,True,1.5,0.9,0.0962,0.0666,0.4399,0.0005,0.0001,0.0001,-0.0005,0.0007,False
True,True,2.0,0.5,0.0977,0.0669,0.38,0.003,0.0016,0.0034,-0.0002,0.0009,False
True,True,2.0,0.75,0.098,0.0671,0.4216,0.0009,0.0019,0.0019,0.0,0.0,False
True,True,2.0,0.9,0.0954,0.0691,0.4101,0.0013,-0.0007,0.003,0.0019,0.0014,False
True,False,0.9,0.5,0.0851,0.0608,0.4679,0.0002,-0.011,0.0053,-0.0063,0.0023,True
True,False,0.9,0.75,0.0877,0.0616,0.4266,0.0008,-0.0084,0.0046,-0.0056,0.0022,True
True,False,0.9,0.9,0.0865,0.0621,0.4591,0.0003,-0.0096,0.0047,-0.005,0.0023,True
True,False,1.2,0.5,0.0875,0.0615,0.4365,0.0005,-0.0086,0.0047,-0.0057,0.0025,True
True,False,1.2,0.75,0.0871,0.0629,0.4503,0.0003,-0.009,0.0047,-0.0042,0.0024,False
True,False,1.2,0.9,0.0882,0.0618,0.4092,0.0013,-0.0079,0.0046,-0.0053,0.0024,True
True,False,1.5,0.5,0.0875,0.0618,0.444,0.0004,-0.0086,0.0047,-0.0053,0.0024,True
True,False,1.5,0.75,0.0901,0.0627,0.3665,0.0043,-0.006,0.005,-0.0044,0.0022,False
True,False,1.5,0.9,0.0891,0.0631,0.3894,0.0023,-0.007,0.0051,-0.004,0.0024,False
True,False,2.0,0.5,0.0887,0.0634,0.4226,0.0009,-0.0075,0.0048,-0.0038,0.0024,False
True,False,2.0,0.75,0.0913,0.063,0.3581,0.0054,-0.0049,0.0052,-0.0042,0.0023,False
True,False,2.0,0.9,0.0863,0.0637,0.3828,0.0028,-0.0098,0.0065,-0.0034,0.0024,False
False,True,0.9,0.5,0.0774,0.0558,0.3035,0.0195,-0.0187,0.0066,-0.0113,0.0029,True
False,True,0.9,0.75,0.0787,0.0595,0.3854,0.0026,-0.0174,0.0062,-0.0076,0.003,True
False,True,0.9,0.9,0.0787,0.06,0.4051,0.0015,-0.0174,0.0062,-0.0071,0.0028,True
False,True,1.2,0.5,0.0783,0.0562,0.3223,0.0128,-0.0178,0.0065,-0.0109,0.0032,True
False,True,1.2,0.75,0.0827,0.0593,0.3382,0.0088,-0.0134,0.0062,-0.0078,0.0029,True
False,True,1.2,0.9,0.0874,0.0605,0.3462,0.0072,-0.0087,0.0049,-0.0066,0.0027,True
False,True,1.5,0.5,0.0789,0.0574,0.3105,0.0167,-0.0173,0.0067,-0.0098,0.0031,True
False,True,1.5,0.75,0.0886,0.0598,0.2901,0.0259,-0.0075,0.0051,-0.0073,0.0029,True
False,True,1.5,0.9,0.0897,0.0609,0.3009,0.0206,-0.0064,0.0044,-0.0063,0.0029,True
False,True,2.0,0.5,0.0782,0.0591,0.337,0.009,-0.0179,0.0067,-0.0081,0.0032,True
False,True,2.0,0.75,0.0893,0.061,0.2647,0.0427,-0.0068,0.0054,-0.0061,0.003,True
False,True,2.0,0.9,0.0848,0.0616,0.2627,0.0445,-0.0113,0.006,-0.0055,0.0028,False
False,False,0.9,0.5,0.0795,0.0528,0.2567,0.0497,-0.0166,0.0067,-0.0143,0.0034,True
False,False,0.9,0.75,0.0815,0.052,0.258,0.0486,-0.0146,0.0065,-0.0151,0.0033,True
False,False,0.9,0.9,0.0818,0.0547,0.2377,0.0698,-0.0143,0.0066,-0.0124,0.0033,True
False,False,1.2,0.5,0.0771,0.0529,0.2152,0.1017,-0.019,0.007,-0.0142,0.0034,True
False,False,1.2,0.75,0.0814,0.053,0.2498,0.0564,-0.0147,0.0066,-0.0142,0.0033,True
False,False,1.2,0.9,0.0816,0.0557,0.2445,0.062,-0.0145,0.0066,-0.0114,0.0033,True
False,False,1.5,0.5,0.0791,0.0529,0.1864,0.1576,-0.017,0.0068,-0.0142,0.0034,True
False,False,1.5,0.75,0.0814,0.0549,0.2428,0.0639,-0.0147,0.0066,-0.0122,0.0033,True
False,False,1.5,0.9,0.0809,0.0557,0.1934,0.1423,-0.0152,0.0069,-0.0114,0.0034,True
False,False,2.0,0.5,0.0783,0.0531,0.1194,0.3679,-0.0179,0.0066,-0.014,0.0033,True
False,False,2.0,0.75,0.079,0.0561,0.1446,0.2745,-0.0171,0.0069,-0.011,0.0034,True
False,False,2.0,0.9,0.0809,0.0565,0.1498,0.2576,-0.0152,0.0069,-0.0106,0.0035,True
